epoch,quote,bid,ask,recv_ts
1783266682,48975.353,48970.353,48980.353,1783266682.163
1783266684,48963.323,48958.323,48968.323,1783266684.161
1783266686,48959.2134,48954.2134,48964.2134,1783266686.150
1783266688,48947.2742,48942.2742,48952.2742,1783266688.134
1783266690,48954.7737,48949.7737,48959.7737,1783266690.147
1783266692,48961.7138,48956.7138,48966.7138,1783266692.149
1783266694,48968.4904,48963.4904,48973.4904,1783266694.149
1783266696,48950.3242,48945.3242,48955.3242,1783266696.139
1783266698,48937.1243,48932.1243,48942.1243,1783266698.204
1783266700,48952.9247,48947.9247,48957.9247,1783266700.146
1783266702,48952.9902,48947.9902,48957.9902,1783266702.143
1783266704,48963.9666,48958.9666,48968.9666,1783266704.138
1783266706,48965.2935,48960.2935,48970.2935,1783266706.149
1783266708,48957.0883,48952.0883,48962.0883,1783266708.138
1783266710,48967.5075,48962.5075,48972.5075,1783266710.140
1783266712,48965.5664,48960.5664,48970.5664,1783266712.155
1783266714,48972.0023,48967.0023,48977.0023,1783266714.144
1783266716,48971.7485,48966.7485,48976.7485,1783266716.174
1783266718,48966.0515,48961.0515,48971.0515,1783266718.163
1783266720,48952.991,48947.991,48957.991,1783266720.204
1783266722,48956.6635,48951.6635,48961.6635,1783266722.273
1783266724,48950.1211,48945.1211,48955.1211,1783266724.233
1783266726,48934.0425,48929.0425,48939.0425,1783266726.136
1783266728,48931.1391,48926.1391,48936.1391,1783266728.201
1783266730,48929.3177,48924.3177,48934.3177,1783266730.127
1783266732,48936.7674,48931.7674,48941.7674,1783266732.149
1783266734,48943.1468,48938.1468,48948.1468,1783266734.156
1783266736,48942.9057,48937.9057,48947.9057,1783266736.136
1783266738,48942.6952,48937.6952,48947.6952,1783266738.145
1783266740,48936.207,48931.207,48941.207,1783266740.142
1783266742,48923.7538,48918.7538,48928.7538,1783266742.141
1783266744,48913.8964,48908.8964,48918.8964,1783266744.174
1783266746,48915.7362,48910.7362,48920.7362,1783266746.145
1783266748,48924.1997,48919.1997,48929.1997,1783266748.171
1783266750,48927.6931,48922.6931,48932.6931,1783266750.155
1783266752,48932.3087,48927.3087,48937.3087,1783266752.134
1783266754,48929.189,48924.189,48934.189,1783266754.163
1783266756,48933.6994,48928.6994,48938.6994,1783266756.139
1783266758,48940.743,48935.743,48945.743,1783266758.249
1783266760,48920.6154,48915.6154,48925.6154,1783266760.167
1783266762,48918.4538,48913.4538,48923.4538,1783266762.133
1783266764,48903.6329,48898.6329,48908.6329,1783266764.137
1783266766,48924.6353,48919.6353,48929.6353,1783266766.147
1783266768,48920.6813,48915.6813,48925.6813,1783266768.175
1783266770,48911.7185,48906.7185,48916.7185,1783266770.150
1783266772,48923.3162,48918.3162,48928.3162,1783266772.154
1783266774,48913.0517,48908.0517,48918.0517,1783266774.151
1783266776,48919.4162,48914.4162,48924.4162,1783266776.156
1783266778,48923.3134,48918.3134,48928.3134,1783266778.142
1783266780,48921.8447,48916.8447,48926.8447,1783266780.163
1783266782,48928.3108,48923.3108,48933.3108,1783266782.197
1783266784,48926.2618,48921.2618,48931.2618,1783266784.150
1783266786,48924.1952,48919.1952,48929.1952,1783266786.138
1783266788,48921.1256,48916.1256,48926.1256,1783266788.203
1783266790,48918.8011,48913.8011,48923.8011,1783266790.163
1783266792,48910.8079,48905.8079,48915.8079,1783266792.153
1783266794,48905.8384,48900.8384,48910.8384,1783266794.144
1783266796,48916.1086,48911.1086,48921.1086,1783266796.149
1783266798,48909.4414,48904.4414,48914.4414,1783266798.146
1783266800,48915.7527,48910.7527,48920.7527,1783266800.136
1783266802,48912.6718,48907.6718,48917.6718,1783266802.130
1783266804,48928.0119,48923.0119,48933.0119,1783266804.146
1783266806,48921.245,48916.245,48926.245,1783266806.140
1783266808,48937.559,48932.559,48942.559,1783266808.161
1783266810,48921.8408,48916.8408,48926.8408,1783266810.144
1783266812,48915.4287,48910.4287,48920.4287,1783266812.141
1783266814,48903.6676,48898.6676,48908.6676,1783266814.146
1783266816,48897.0819,48892.0819,48902.0819,1783266816.165
1783266818,48899.9253,48894.9253,48904.9253,1783266818.242
1783266820,48889.6242,48884.6242,48894.6242,1783266820.133
1783266822,48893.5761,48888.5761,48898.5761,1783266822.142
1783266824,48893.8497,48888.8497,48898.8497,1783266824.136
1783266826,48907.3919,48902.3919,48912.3919,1783266826.143
1783266828,48907.5909,48902.5909,48912.5909,1783266828.136
1783266830,48898.3368,48893.3368,48903.3368,1783266830.161
1783266832,48908.5788,48903.5788,48913.5788,1783266832.130
1783266834,48915.855,48910.855,48920.855,1783266834.135
1783266836,48904.7888,48899.7888,48909.7888,1783266836.133
1783266838,48901.4502,48896.4502,48906.4502,1783266838.152
1783266840,48887.6156,48882.6156,48892.6156,1783266840.140
1783266842,48887.6272,48882.6272,48892.6272,1783266842.147
1783266844,48892.0399,48887.0399,48897.0399,1783266844.148
1783266846,48881.6867,48876.6867,48886.6867,1783266846.132
1783266848,48899.1223,48894.1223,48904.1223,1783266848.203
1783266850,48889.4438,48884.4438,48894.4438,1783266850.140
1783266852,48887.0014,48882.0014,48892.0014,1783266852.162
1783266854,48883.6398,48878.6398,48888.6398,1783266854.134
1783266856,48871.7689,48866.7689,48876.7689,1783266856.148
1783266858,48870.9372,48865.9372,48875.9372,1783266858.165
1783266860,48882.1406,48877.1406,48887.1406,1783266860.165
1783266862,48893.25,48888.25,48898.25,1783266862.138
1783266864,48886.6363,48881.6363,48891.6363,1783266864.147
1783266866,48897.4527,48892.4527,48902.4527,1783266866.137
1783266868,48898.0683,48893.0683,48903.0683,1783266868.129
1783266870,48896.609,48891.609,48901.609,1783266870.141
1783266872,48897.6872,48892.6872,48902.6872,1783266872.155
1783266874,48907.6041,48902.6041,48912.6041,1783266874.144
1783266876,48922.1109,48917.1109,48927.1109,1783266876.149
1783266878,48931.3439,48926.3439,48936.3439,1783266878.251
1783266880,48930.1286,48925.1286,48935.1286,1783266880.130
1783266882,48925.4789,48920.4789,48930.4789,1783266882.143
1783266884,48898.189,48893.189,48903.189,1783266884.131
1783266886,48893.9577,48888.9577,48898.9577,1783266886.132
1783266888,48891.2065,48886.2065,48896.2065,1783266888.139
1783266890,48907.5512,48902.5512,48912.5512,1783266890.138
1783266892,48912.8454,48907.8454,48917.8454,1783266892.148
1783266894,48900.1105,48895.1105,48905.1105,1783266894.149
1783266896,48909.3365,48904.3365,48914.3365,1783266896.137
1783266898,48898.5419,48893.5419,48903.5419,1783266898.137
1783266900,48906.2185,48901.2185,48911.2185,1783266900.147
1783266902,48907.3861,48902.3861,48912.3861,1783266902.353
1783266904,48901.1932,48896.1932,48906.1932,1783266904.276
1783266906,48890.4799,48885.4799,48895.4799,1783266906.150
1783266908,48897.8357,48892.8357,48902.8357,1783266908.202
1783266910,48896.8277,48891.8277,48901.8277,1783266910.135
1783266912,48901.2111,48896.2111,48906.2111,1783266912.142
1783266914,48906.6483,48901.6483,48911.6483,1783266914.140
1783266916,48900.1108,48895.1108,48905.1108,1783266916.303
1783266918,48894.4465,48889.4465,48899.4465,1783266918.138
1783266920,48902.3599,48897.3599,48907.3599,1783266920.136
1783266922,48898.4605,48893.4605,48903.4605,1783266922.137
1783266924,48919.7997,48914.7997,48924.7997,1783266924.133
1783266926,48928.1198,48923.1198,48933.1198,1783266926.132
1783266928,48934.5294,48929.5294,48939.5294,1783266928.149
1783266930,48933.6228,48928.6228,48938.6228,1783266930.156
1783266932,48941.0279,48936.0279,48946.0279,1783266932.136
1783266934,48931.8097,48926.8097,48936.8097,1783266934.133
1783266936,48926.6964,48921.6964,48931.6964,1783266936.146
1783266938,48932.308,48927.308,48937.308,1783266938.209
1783266940,48938.4309,48933.4309,48943.4309,1783266940.161
1783266942,48924.6341,48919.6341,48929.6341,1783266942.135
1783266944,48923.2045,48918.2045,48928.2045,1783266944.143
1783266946,48923.8023,48918.8023,48928.8023,1783266946.159
1783266948,48929.6714,48924.6714,48934.6714,1783266948.162
1783266950,48916.1794,48911.1794,48921.1794,1783266950.145
1783266952,48904.8747,48899.8747,48909.8747,1783266952.137
1783266954,48901.2123,48896.2123,48906.2123,1783266954.133
1783266956,48901.7042,48896.7042,48906.7042,1783266956.147
1783266958,48901.9741,48896.9741,48906.9741,1783266958.130
1783266960,48889.335,48884.335,48894.335,1783266960.147
1783266962,48903.3111,48898.3111,48908.3111,1783266962.313
1783266964,48904.3818,48899.3818,48909.3818,1783266964.137
1783266966,48905.776,48900.776,48910.776,1783266966.140
1783266968,48919.5342,48914.5342,48924.5342,1783266968.199
1783266970,48925.7461,48920.7461,48930.7461,1783266970.150
1783266972,48942.0665,48937.0665,48947.0665,1783266972.129
1783266974,48935.4106,48930.4106,48940.4106,1783266974.158
1783266976,48934.6621,48929.6621,48939.6621,1783266976.140
1783266978,48931.6151,48926.6151,48936.6151,1783266978.161
1783266980,48938.4549,48933.4549,48943.4549,1783266980.134
1783266982,48946.9879,48941.9879,48951.9879,1783266982.140
1783266984,48937.3634,48932.3634,48942.3634,1783266984.145
1783266986,48930.6052,48925.6052,48935.6052,1783266986.144
1783266988,48928.2818,48923.2818,48933.2818,1783266988.145
1783266990,48922.9488,48917.9488,48927.9488,1783266990.150
1783266992,48930.4452,48925.4452,48935.4452,1783266992.166
1783266994,48919.9846,48914.9846,48924.9846,1783266994.133
1783266996,48917.4918,48912.4918,48922.4918,1783266996.133
1783266998,48916.2774,48911.2774,48921.2774,1783266998.201
1783267000,48919.0853,48914.0853,48924.0853,1783267000.140
1783267002,48944.2837,48939.2837,48949.2837,1783267002.146
1783267004,48957.4863,48952.4863,48962.4863,1783267004.136
1783267006,48967.2452,48962.2452,48972.2452,1783267006.144
1783267008,48958.813,48953.813,48963.813,1783267008.134
1783267010,48965.0856,48960.0856,48970.0856,1783267010.170
1783267012,48952.1279,48947.1279,48957.1279,1783267012.143
1783267014,48960.8258,48955.8258,48965.8258,1783267014.159
1783267016,48960.2332,48955.2332,48965.2332,1783267016.135
1783267018,48960.1984,48955.1984,48965.1984,1783267018.141
1783267020,48966.8903,48961.8903,48971.8903,1783267020.153
1783267022,48962.6696,48957.6696,48967.6696,1783267022.258
1783267024,48958.5692,48953.5692,48963.5692,1783267024.183
1783267026,48960.7642,48955.7642,48965.7642,1783267026.141
1783267028,48957.3517,48952.3517,48962.3517,1783267028.220
1783267030,48956.5902,48951.5902,48961.5902,1783267030.135
1783267032,48957.9058,48952.9058,48962.9058,1783267032.134
1783267034,48954.8817,48949.8817,48959.8817,1783267034.142
1783267036,48947.9378,48942.9378,48952.9378,1783267036.143
1783267038,48952.2643,48947.2643,48957.2643,1783267038.143
1783267040,48954.6233,48949.6233,48959.6233,1783267040.141
1783267042,48955.4062,48950.4062,48960.4062,1783267042.149
1783267044,48949.6397,48944.6397,48954.6397,1783267044.132
1783267046,48954.8039,48949.8039,48959.8039,1783267046.149
1783267048,48956.7305,48951.7305,48961.7305,1783267048.137
1783267050,48952.3276,48947.3276,48957.3276,1783267050.148
1783267052,48940.9525,48935.9525,48945.9525,1783267052.153
1783267054,48922.6556,48917.6556,48927.6556,1783267054.134
1783267056,48910.2676,48905.2676,48915.2676,1783267056.133
1783267058,48916.4926,48911.4926,48921.4926,1783267058.207
1783267060,48901.7879,48896.7879,48906.7879,1783267060.162
